{"cameraMode":{"drawMode":0,"name":"Shaded","section":"Shading Mode"},"sceneLighting":true,"audioPlay":false,"sceneViewState":{"showFog":true,"showMaterialUpdate":false,"showSkybox":true,"showFlares":true,"showImageEffects":true,"showParticleSystems":true},"in2DMode":false,"pivot":{"x":1.980099081993103,"y":0.548577070236206,"z":0.47234535217285159},"rotation":{"x":0.049774616956710818,"y":-0.023972954601049424,"z":0.0011950219050049782,"w":0.9984720349311829},"size":28.12594985961914,"orthographic":false}